config_id,embedding_dim,heads,layers,drop_rate,num_epochs,batch_size,lr,train_avg_loss,train_perplexity,train_token_accuracy,train_num_samples,train_avg_bleu,train_exact_match_rate,test_avg_loss,test_perplexity,test_token_accuracy,test_num_samples,test_avg_bleu,test_exact_match_rate,number_parameter,cpp_model_size
emb12_h2_l1_d001_ep300_bs4_lr001,12,2,1,0.01,300,4,0.01,0.350768007338047,1.4201578214989672,0.8854916067146283,105,0.9841269841269842,0.9809523809523809,9.333456993103027,11310.163136535797,0.3419354838709677,27,0.06374940985951595,0.0,12780,198178
emb12_h2_l1_d001_ep300_bs4_lr0005,12,2,1,0.01,300,4,0.005,0.33844560384750366,1.4027654418355224,0.8872901678657075,105,0.9811894622303231,0.9809523809523809,8.974825859069824,7901.641953466199,0.36129032258064514,27,0.06572437244094625,0.0,12780,198297
emb12_h2_l1_d001_ep300_bs8_lr001,12,2,1,0.01,300,8,0.01,0.3538217917084694,1.4245013059147391,0.8687050359712231,105,0.9927508930494406,0.9904761904761905,9.290182113647461,10831.156420392275,0.36129032258064514,27,0.040410952354573954,0.0,12780,198126
emb12_h2_l1_d001_ep300_bs8_lr0005,12,2,1,0.01,300,8,0.005,0.33654457330703735,1.4001012750230597,0.8926858513189448,105,1.0,1.0,9.556411743164062,14135.034956412339,0.35053763440860214,27,0.03420401769757043,0.0,12780,198155
emb12_h2_l1_d001_ep500_bs4_lr001,12,2,1,0.01,500,4,0.01,0.3279712572693825,1.3881490725211525,0.8723021582733813,105,0.9904761904761905,0.9904761904761905,9.155142784118652,9462.981524555436,0.3720430107526882,27,0.016666666666666666,0.0,12780,198296
emb12_h2_l1_d001_ep500_bs4_lr0005,12,2,1,0.01,500,4,0.005,0.3313179165124893,1.3928025168484872,0.8896882494004796,105,0.986236559139785,0.9809523809523809,9.5632963180542,14232.684414955957,0.35913978494623655,27,0.007407407407407408,0.0,12780,198080
emb12_h2_l1_d001_ep500_bs8_lr001,12,2,1,0.01,500,8,0.01,0.3173878639936447,1.3735352134758523,0.8914868105515588,105,1.0,1.0,9.931456565856934,20567.276366959628,0.38064516129032255,27,0.0315154469836435,0.0,12780,198355
emb12_h2_l1_d001_ep500_bs8_lr0005,12,2,1,0.01,500,8,0.005,0.32399381697177887,1.3826387581985888,0.8902877697841727,105,1.0,1.0,10.421103477478027,33560.44691803523,0.34623655913978496,27,0.045162770548920726,0.0,12780,198212
emb12_h2_l1_d005_ep300_bs4_lr001,12,2,1,0.05,300,4,0.01,0.3650757074356079,1.4406230698990719,0.882494004796163,105,0.9962526729496441,0.9904761904761905,8.916975975036621,7457.503420366138,0.35268817204301073,27,0.01724013419435643,0.0,12780,198138
emb12_h2_l1_d005_ep300_bs4_lr0005,12,2,1,0.05,300,4,0.005,0.3520202338695526,1.4219372947212354,0.8872901678657075,105,1.0,1.0,9.043508529663086,8463.419182711563,0.4021505376344086,27,0.07041706611001511,0.0,12780,198367
emb12_h2_l1_d005_ep300_bs8_lr001,12,2,1,0.05,300,8,0.01,0.36385592818260193,1.4388668990551323,0.8866906474820144,105,0.9825822765683574,0.9809523809523809,9.167535781860352,9580.985937109332,0.36129032258064514,27,0.04548003818217342,0.0,12780,198119
emb12_h2_l1_d005_ep300_bs8_lr0005,12,2,1,0.05,300,8,0.005,0.3711914196610451,1.4494605020711497,0.8842925659472423,105,0.9823320578047844,0.9809523809523809,9.284876823425293,10773.84615036966,0.3978494623655914,27,0.08995184876208358,0.0,12780,198294
emb12_h2_l1_d005_ep500_bs4_lr001,12,2,1,0.05,500,4,0.01,0.3382444307208061,1.40248327150906,0.8884892086330936,105,0.9937359817081434,0.9904761904761905,8.674822807312012,5853.6624684434155,0.3741935483870968,27,0.08699505891163985,0.0,12780,197975
emb12_h2_l1_d005_ep500_bs4_lr0005,12,2,1,0.05,500,4,0.005,0.3373289927840233,1.4011999725964916,0.8896882494004796,105,0.9849180190519856,0.9809523809523809,9.003719329833984,8133.27808558349,0.36989247311827955,27,0.023818357798227358,0.0,12780,198274
emb12_h2_l1_d005_ep500_bs8_lr001,12,2,1,0.05,500,8,0.01,0.347992867231369,1.4162221481190846,0.8848920863309353,105,0.9761904761904762,0.9714285714285714,8.970907211303711,7870.738790726663,0.35913978494623655,27,0.04843319980484369,0.0,12780,198240
emb12_h2_l1_d005_ep500_bs8_lr0005,12,2,1,0.05,500,8,0.005,0.33929111808538437,1.4039520015448768,0.8854916067146283,105,0.9936507936507936,0.9904761904761905,9.382613182067871,11880.018879131674,0.37849462365591396,27,0.05824256731123118,0.0,12780,198157
emb12_h2_l2_d001_ep300_bs4_lr001,12,2,2,0.01,300,4,0.01,0.3387906774878502,1.403249582740417,0.8890887290167866,105,1.0,1.0,8.98150634765625,7954.605496547514,0.3827956989247312,27,0.11227035125265063,0.037037037037037035,14628,223339
emb12_h2_l2_d001_ep300_bs4_lr0005,12,2,2,0.01,300,4,0.005,0.31986983865499496,1.3769485271990338,0.8920863309352518,105,1.0,1.0,9.574481010437012,14392.766175730629,0.35698924731182796,27,0.03553381454315824,0.0,14628,223475
emb12_h2_l2_d001_ep300_bs8_lr001,12,2,2,0.01,300,8,0.01,0.332889162003994,1.3949926717085266,0.8920863309352518,105,1.0,1.0,9.551207542419434,14061.664479906345,0.3763440860215054,27,0.037904449303115983,0.0,14628,223388
emb12_h2_l2_d001_ep300_bs8_lr0005,12,2,2,0.01,300,8,0.005,0.3377169445157051,1.4017436760108144,0.8890887290167866,105,1.0,1.0,9.661811828613281,15706.215875403479,0.36129032258064514,27,0.04367744510635219,0.0,14628,223392
emb12_h2_l2_d001_ep500_bs4_lr001,12,2,2,0.01,500,4,0.01,0.3544669970870018,1.425420698385631,0.88189448441247,105,0.9425805219390405,0.9142857142857143,9.789835929870605,17851.3770496453,0.3720430107526882,27,0.019196271540549075,0.0,14628,223523
emb12_h2_l2_d001_ep500_bs4_lr0005,12,2,2,0.01,500,4,0.005,0.3286413624882698,1.3890795901967978,0.8914868105515588,105,0.9978933407911562,0.9904761904761905,9.742141723632812,17019.954412083767,0.35268817204301073,27,0.05301019915670957,0.0,14628,223557
emb12_h2_l2_d001_ep500_bs8_lr001,12,2,2,0.01,500,8,0.01,0.3397730439901352,1.404628765445377,0.8926858513189448,105,1.0,1.0,9.430685043334961,12465.062915716857,0.3720430107526882,27,0.09464204134825081,0.037037037037037035,14628,223392
emb12_h2_l2_d001_ep500_bs8_lr0005,12,2,2,0.01,500,8,0.005,0.3218354880809784,1.3796577871364202,0.8896882494004796,105,1.0,1.0,9.97737979888916,21533.815637738873,0.37849462365591396,27,0.0367283950617284,0.0,14628,223567
emb12_h2_l2_d005_ep300_bs4_lr001,12,2,2,0.05,300,4,0.01,0.37154627591371536,1.4499749434642826,0.8866906474820144,105,0.9748402558811169,0.9619047619047619,8.47994613647461,4817.190419024012,0.3741935483870968,27,0.03655352876934719,0.0,14628,223255
emb12_h2_l2_d005_ep300_bs4_lr0005,12,2,2,0.05,300,4,0.005,0.35416966676712036,1.424996940594556,0.8884892086330936,105,1.0,1.0,8.972821235656738,7885.818002834486,0.3741935483870968,27,0.05944979432512917,0.0,14628,223523
emb12_h2_l2_d005_ep300_bs8_lr001,12,2,2,0.05,300,8,0.01,0.34688761830329895,1.4146577348002929,0.8860911270983214,105,0.9941847656336733,0.9904761904761905,9.318174362182617,11138.628179005455,0.3548387096774194,27,0.035153996682194495,0.0,14628,223373
emb12_h2_l2_d005_ep300_bs8_lr0005,12,2,2,0.05,300,8,0.005,0.3532898649573326,1.4237437770558878,0.8860911270983214,105,0.986176364672736,0.9809523809523809,9.233190536499023,10231.132294029394,0.37849462365591396,27,0.02616786887000411,0.0,14628,223430
emb12_h2_l2_d005_ep500_bs4_lr001,12,2,2,0.05,500,4,0.01,0.34837228804826736,1.4167595942361084,0.882494004796163,105,0.9904761904761905,0.9904761904761905,8.844022750854492,6932.8256504981955,0.3913978494623656,27,0.05623896618287923,0.0,14628,223408
emb12_h2_l2_d005_ep500_bs4_lr0005,12,2,2,0.05,500,4,0.005,0.3244449645280838,1.3832626730238446,0.8908872901678657,105,1.0,1.0,9.066746711730957,8662.39664168324,0.3978494623655914,27,0.1211191141416882,0.037037037037037035,14628,223438
emb12_h2_l2_d005_ep500_bs8_lr001,12,2,2,0.05,500,8,0.01,0.33220330625772476,1.394036235994589,0.8884892086330936,105,0.9989417989417989,0.9904761904761905,9.177388191223145,9675.848276606013,0.4,27,0.08385749451936887,0.0,14628,223522
emb12_h2_l2_d005_ep500_bs8_lr0005,12,2,2,0.05,500,8,0.005,0.33378612250089645,1.396244486358735,0.8884892086330936,105,1.0,1.0,9.34260082244873,11414.055601748036,0.4021505376344086,27,0.044336277183293686,0.0,14628,223605
emb12_h4_l1_d001_ep300_bs4_lr001,12,4,1,0.01,300,4,0.01,0.3455352187156677,1.412745845373747,0.8890887290167866,105,0.9907132717541327,0.9904761904761905,9.596673965454102,14715.75496930037,0.35698924731182796,27,0.03788876120397423,0.0,12780,198339
emb12_h4_l1_d001_ep300_bs4_lr0005,12,4,1,0.01,300,4,0.005,0.32181617617607117,1.3796311435737003,0.8914868105515588,105,1.0,1.0,9.546751022338867,13999.137818930127,0.35913978494623655,27,0.03452266985417595,0.0,12780,198143
emb12_h4_l1_d001_ep300_bs8_lr001,12,4,1,0.01,300,8,0.01,0.32522325217723846,1.384339668329504,0.8741007194244604,105,1.0,1.0,9.41379451751709,12256.289557998476,0.35053763440860214,27,0.06273226857104593,0.0,12780,198243
emb12_h4_l1_d001_ep300_bs8_lr0005,12,4,1,0.01,300,8,0.005,0.32738497108221054,1.387335458422857,0.8908872901678657,105,1.0,1.0,9.545583724975586,13982.806196050475,0.3935483870967742,27,0.08934326556578916,0.0,12780,198254
emb12_h4_l1_d001_ep500_bs4_lr001,12,4,1,0.01,500,4,0.01,0.34164583683013916,1.4072618089430875,0.8866906474820144,105,0.9709190629499193,0.9619047619047619,9.614991188049316,14987.790591161367,0.3419354838709677,27,0.04776770011197765,0.0,12780,198185
emb12_h4_l1_d001_ep500_bs4_lr0005,12,4,1,0.01,500,4,0.005,0.3242175504565239,1.3829481353938327,0.8920863309352518,105,0.9961904761904762,0.9904761904761905,9.073543548583984,8721.474080837634,0.36129032258064514,27,0.037549769266343076,0.0,12780,198183
emb12_h4_l1_d001_ep500_bs8_lr001,12,4,1,0.01,500,8,0.01,0.33201179653406143,1.3937692900624437,0.8908872901678657,105,1.0,1.0,9.133378028869629,9259.24720398539,0.36989247311827955,27,0.08401851550816286,0.037037037037037035,12780,198368
emb12_h4_l1_d001_ep500_bs8_lr0005,12,4,1,0.01,500,8,0.005,0.31759415566921234,1.3738185915847587,0.8902877697841727,105,1.0,1.0,9.988790512084961,21780.939077968957,0.36989247311827955,27,0.05922986478542035,0.0,12780,198112
emb12_h4_l1_d005_ep300_bs4_lr001,12,4,1,0.05,300,4,0.01,0.35402926057577133,1.4247968762469083,0.8705035971223022,105,0.9971428571428572,0.9904761904761905,8.572413444519043,5283.86673326573,0.33548387096774196,27,0.06303999653354928,0.0,12780,198251
emb12_h4_l1_d005_ep300_bs4_lr0005,12,4,1,0.05,300,4,0.005,0.35286007076501846,1.4231319917294736,0.8872901678657075,105,0.9905689051676889,0.9809523809523809,8.89726734161377,7311.965110727415,0.35913978494623655,27,0.025817758664775176,0.0,12780,198307
emb12_h4_l1_d005_ep300_bs8_lr001,12,4,1,0.05,300,8,0.01,0.36045629531145096,1.4339835852881366,0.8842925659472423,105,0.9907132717541327,0.9904761904761905,8.735101699829102,6217.366475345994,0.3655913978494624,27,0.05348847265963626,0.0,12780,198167
emb12_h4_l1_d005_ep300_bs8_lr0005,12,4,1,0.05,300,8,0.005,0.36268140375614166,1.437177906811255,0.8872901678657075,105,1.0,1.0,8.971976280212402,7879.157652225966,0.3741935483870968,27,0.0582402105687516,0.0,12780,198135
emb12_h4_l1_d005_ep500_bs4_lr001,12,4,1,0.05,500,4,0.01,0.34215471148490906,1.4079781110488203,0.8860911270983214,105,0.9928119329598186,0.9904761904761905,8.536134719848633,5095.61028605479,0.4021505376344086,27,0.09886182466890776,0.037037037037037035,12780,198382
emb12_h4_l1_d005_ep500_bs4_lr0005,12,4,1,0.05,500,4,0.005,0.34354692697525024,1.4099396851351607,0.8884892086330936,105,0.9827077497665735,0.9714285714285714,9.277046203613281,10689.809715355472,0.36129032258064514,27,0.03334195329676801,0.0,12780,198197
emb12_h4_l1_d005_ep500_bs8_lr001,12,4,1,0.05,500,8,0.01,0.3384312018752098,1.4027452393919722,0.8884892086330936,105,0.9926012396204612,0.9904761904761905,9.747124671936035,17104.975617256045,0.3634408602150538,27,0.04769710483196801,0.0,12780,198240
emb12_h4_l1_d005_ep500_bs8_lr0005,12,4,1,0.05,500,8,0.005,0.33772294223308563,1.4017520832984351,0.8890887290167866,105,0.9939798042016328,0.9904761904761905,9.39475154876709,12025.101657292058,0.3655913978494624,27,0.07698347980847636,0.037037037037037035,12780,198154
emb12_h4_l2_d001_ep300_bs4_lr001,12,4,2,0.01,300,4,0.01,0.3357431888580322,1.3989797050985964,0.8878896882494005,105,1.0,1.0,8.85132122039795,6983.609765086225,0.34408602150537637,27,0.05073405660345129,0.0,14628,223558
emb12_h4_l2_d001_ep300_bs4_lr0005,12,4,2,0.01,300,4,0.005,0.33206848055124283,1.3938482967440156,0.8788968824940048,105,0.998639455782313,0.9904761904761905,9.611233711242676,14931.579986788121,0.33763440860215055,27,0.02120304977048136,0.0,14628,223523
emb12_h4_l2_d001_ep300_bs8_lr001,12,4,2,0.01,300,8,0.01,0.34396105259656906,1.41052369820233,0.8896882494004796,105,0.998639455782313,0.9904761904761905,9.483111381530762,13135.994086680554,0.33978494623655914,27,0.059229714809794366,0.0,14628,223217
emb12_h4_l2_d001_ep300_bs8_lr0005,12,4,2,0.01,300,8,0.005,0.3257695138454437,1.385096086608434,0.8902877697841727,105,1.0,1.0,9.424264907836914,12385.291867277176,0.36774193548387096,27,0.047697441299264384,0.0,14628,223352
emb12_h4_l2_d001_ep500_bs4_lr001,12,4,2,0.01,500,4,0.01,0.3385009169578552,1.402843035301152,0.8866906474820144,105,0.998095238095238,0.9904761904761905,9.613056182861328,14958.81717950222,0.36989247311827955,27,0.08542017597716679,0.0,14628,223403
emb12_h4_l2_d001_ep500_bs4_lr0005,12,4,2,0.01,500,4,0.005,0.3215901851654053,1.3793193945647817,0.8914868105515588,105,1.0,1.0,9.75168514251709,17183.160499769812,0.3763440860215054,27,0.05637481477098302,0.0,14628,223426
emb12_h4_l2_d001_ep500_bs8_lr001,12,4,2,0.01,500,8,0.01,0.3203132748603821,1.377559251427558,0.8920863309352518,105,1.0,1.0,9.46058464050293,12843.391019947456,0.3763440860215054,27,0.07117953346360263,0.0,14628,223571
emb12_h4_l2_d001_ep500_bs8_lr0005,12,4,2,0.01,500,8,0.005,0.3109768107533455,1.3647575731192287,0.8872901678657075,105,0.9922279973389116,0.9904761904761905,9.761664390563965,17355.493969692212,0.3333333333333333,27,0.019038021151641927,0.0,14628,223417
emb12_h4_l2_d005_ep300_bs4_lr001,12,4,2,0.05,300,4,0.01,0.34971366822719574,1.4186612826325415,0.8872901678657075,105,0.9726825126109806,0.9619047619047619,8.961837768554688,7799.6783024747465,0.3827956989247312,27,0.06699996708876141,0.0,14628,223255
emb12_h4_l2_d005_ep300_bs4_lr0005,12,4,2,0.05,300,4,0.005,0.34182877838611603,1.4075192791583653,0.8878896882494005,105,0.9842315031349358,0.9809523809523809,9.488966941833496,13213.138333161069,0.35053763440860214,27,0.06245826403319401,0.0,14628,223503
emb12_h4_l2_d005_ep300_bs8_lr001,12,4,2,0.05,300,8,0.01,0.3556048944592476,1.4270436040275885,0.8872901678657075,105,0.9756773568829853,0.9714285714285714,9.563324928283691,14233.091621148462,0.3849462365591398,27,0.05275292384487186,0.0,14628,223207
emb12_h4_l2_d005_ep300_bs8_lr0005,12,4,2,0.05,300,8,0.005,0.346977062523365,1.4147842734170322,0.8884892086330936,105,1.0,1.0,9.320294380187988,11162.26732014871,0.33978494623655914,27,0.06690916018640657,0.0,14628,223523
emb12_h4_l2_d005_ep500_bs4_lr001,12,4,2,0.05,500,4,0.01,0.34930437058210373,1.4180807467244714,0.8836930455635491,105,0.9941847656336733,0.9904761904761905,9.27469539642334,10664.709548203455,0.37849462365591396,27,0.05228161910850518,0.0,14628,223423
emb12_h4_l2_d005_ep500_bs4_lr0005,12,4,2,0.05,500,4,0.005,0.3322136029601097,1.3940505900447244,0.8914868105515588,105,0.9952380952380953,0.9904761904761905,9.645873069763184,15457.862765974822,0.35698924731182796,27,0.06287742082924097,0.0,14628,223312
emb12_h4_l2_d005_ep500_bs8_lr001,12,4,2,0.05,500,8,0.01,0.34209348261356354,1.4078919047773848,0.8866906474820144,105,1.0,1.0,9.068991661071777,8681.865128020261,0.38924731182795697,27,0.037253054337871724,0.0,14628,223211
emb12_h4_l2_d005_ep500_bs8_lr0005,12,4,2,0.05,500,8,0.005,0.3332328349351883,1.3954721753204935,0.8908872901678657,105,0.9908670714220185,0.9904761904761905,9.698867797851562,16299.142822763573,0.35913978494623655,27,0.04091992975630165,0.0,14628,223450
emb24_h2_l1_d001_ep300_bs4_lr001,24,2,1,0.01,300,4,0.01,0.3142782002687454,1.3692706150177558,0.8902877697841727,105,0.9928571428571429,0.9904761904761905,7.789216995239258,2414.426334549284,0.3763440860215054,27,0.07707397729659933,0.0,29016,417621
emb24_h2_l1_d001_ep300_bs4_lr0005,24,2,1,0.01,300,4,0.005,0.3110126107931137,1.3648064323691966,0.8902877697841727,105,1.0,1.0,7.557227611541748,1914.5303271156113,0.3720430107526882,27,0.09770723104056439,0.037037037037037035,29016,417835
emb24_h2_l1_d001_ep300_bs8_lr001,24,2,1,0.01,300,8,0.01,0.3207128793001175,1.3781098402219638,0.8884892086330936,105,1.0,1.0,7.651051998138428,2102.8566274697864,0.36774193548387096,27,0.06400124181856238,0.0,29016,417784
emb24_h2_l1_d001_ep300_bs8_lr0005,24,2,1,0.01,300,8,0.005,0.3223857656121254,1.3804171907395608,0.8902877697841727,105,1.0,1.0,7.206831932067871,1348.6129948585092,0.3849462365591398,27,0.08392415993037614,0.0,29016,417613
emb24_h2_l1_d001_ep500_bs4_lr001,24,2,1,0.01,500,4,0.01,0.3173282966017723,1.373453398002332,0.8741007194244604,105,1.0,1.0,8.194854736328125,3622.264770215577,0.3548387096774194,27,0.14069667022222374,0.037037037037037035,29016,417646
emb24_h2_l1_d001_ep500_bs4_lr0005,24,2,1,0.01,500,4,0.005,0.3070213124155998,1.3593699392203555,0.8920863309352518,105,1.0,1.0,7.479858875274658,1771.9906865867429,0.35268817204301073,27,0.05578484809805099,0.0,29016,417685
emb24_h2_l1_d001_ep500_bs8_lr001,24,2,1,0.01,500,8,0.01,0.3109244704246521,1.3646861431286157,0.8926858513189448,105,1.0,1.0,7.656453609466553,2114.2461749112845,0.3741935483870968,27,0.04126984126984127,0.0,29016,417532
emb24_h2_l1_d001_ep500_bs8_lr0005,24,2,1,0.01,500,8,0.005,0.31089305877685547,1.36464327676139,0.8896882494004796,105,0.9892857142857143,0.9809523809523809,7.491700172424316,1793.098077665138,0.3720430107526882,27,0.04610513547253391,0.0,29016,417687
emb24_h2_l1_d005_ep300_bs4_lr001,24,2,1,0.05,300,4,0.01,0.3199905827641487,1.3771147956600676,0.8902877697841727,105,1.0,1.0,7.415746688842773,1661.9496644785545,0.3763440860215054,27,0.0656084656084656,0.0,29016,417858
emb24_h2_l1_d005_ep300_bs4_lr0005,24,2,1,0.05,300,4,0.005,0.31241871416568756,1.3667268411268694,0.8920863309352518,105,1.0,1.0,7.560261249542236,1920.3471376567975,0.3935483870967742,27,0.07609165328445446,0.0,29016,417445
emb24_h2_l1_d005_ep300_bs8_lr001,24,2,1,0.05,300,8,0.01,0.3058987408876419,1.3578448054266716,0.8902877697841727,105,1.0,1.0,8.115577697753906,3346.190112429763,0.36129032258064514,27,0.08957464112564491,0.0,29016,417708
emb24_h2_l1_d005_ep300_bs8_lr0005,24,2,1,0.05,300,8,0.005,0.320756658911705,1.378170174656193,0.8878896882494005,105,1.0,1.0,7.72928524017334,2273.9762728959263,0.3849462365591398,27,0.0998145907728338,0.0,29016,417663
emb24_h2_l1_d005_ep500_bs4_lr001,24,2,1,0.05,500,4,0.01,0.3193855732679367,1.376281880117632,0.8908872901678657,105,0.9904761904761905,0.9904761904761905,7.540312767028809,1882.4186916013107,0.4172043010752688,27,0.08667878533722095,0.037037037037037035,29016,417635
emb24_h2_l1_d005_ep500_bs4_lr0005,24,2,1,0.05,500,4,0.005,0.3008507043123245,1.351007626868117,0.8926858513189448,105,1.0,1.0,7.570773601531982,1940.6409838492505,0.3935483870967742,27,0.04237838519085924,0.0,29016,417713
emb24_h2_l1_d005_ep500_bs8_lr001,24,2,1,0.05,500,8,0.01,0.3056552857160568,1.3575142713233317,0.8902877697841727,105,1.0,1.0,7.8593363761901855,2589.8011513099495,0.3827956989247312,27,0.06227147725335694,0.0,29016,417813
emb24_h2_l1_d005_ep500_bs8_lr0005,24,2,1,0.05,500,8,0.005,0.31244052201509476,1.3667566468249992,0.8914868105515588,105,0.9830687830687831,0.9809523809523809,8.027010917663574,3062.5736932440673,0.4129032258064516,27,0.05681683535680086,0.0,29016,417711
emb24_h2_l2_d001_ep300_bs4_lr001,24,2,2,0.01,300,4,0.01,0.3284383565187454,1.3887976273688805,0.8884892086330936,105,0.9899778276848656,0.9809523809523809,7.734540939331055,2285.959069482251,0.3913978494623656,27,0.05930362625784849,0.0,36168,514439
emb24_h2_l2_d001_ep300_bs4_lr0005,24,2,2,0.01,300,4,0.005,0.3054058104753494,1.3571756473646326,0.8932853717026379,105,1.0,1.0,7.633594512939453,2066.4646197308857,0.3913978494623656,27,0.053679206973748485,0.0,36168,514674
emb24_h2_l2_d001_ep300_bs8_lr001,24,2,2,0.01,300,8,0.01,0.3165004104375839,1.3723168054864954,0.8926858513189448,105,1.0,1.0,7.3618550300598145,1574.7550731562796,0.4,27,0.037231071857477635,0.0,36168,514896
emb24_h2_l2_d001_ep300_bs8_lr0005,24,2,2,0.01,300,8,0.005,0.3204154148697853,1.3776999625284465,0.8902877697841727,105,0.9904761904761905,0.9904761904761905,7.2528228759765625,1412.085369168401,0.4043010752688172,27,0.15623836422362572,0.07407407407407407,36168,514678
emb24_h2_l2_d001_ep500_bs4_lr001,24,2,2,0.01,500,4,0.01,0.35274646431207657,1.4229703239352514,0.8782973621103117,105,0.9315255262979233,0.9047619047619048,8.313162803649902,4077.187957419019,0.36989247311827955,27,0.023751699411189976,0.0,36168,514033
emb24_h2_l2_d001_ep500_bs4_lr0005,24,2,2,0.01,500,4,0.005,0.3044275641441345,1.3558486444404796,0.8932853717026379,105,1.0,1.0,7.821326732635498,2493.21103916808,0.36774193548387096,27,0.047801353917873705,0.0,36168,514432
emb24_h2_l2_d001_ep500_bs8_lr001,24,2,2,0.01,500,8,0.01,0.3117268681526184,1.365781603627982,0.8908872901678657,105,1.0,1.0,7.324306011199951,1516.7209459879145,0.3956989247311828,27,0.06623636465487229,0.0,36168,514795
emb24_h2_l2_d001_ep500_bs8_lr0005,24,2,2,0.01,500,8,0.005,0.30043569952249527,1.3504470685571084,0.8932853717026379,105,1.0,1.0,7.631977558135986,2063.1259398125103,0.3827956989247312,27,0.01332453063773353,0.0,36168,514469
emb24_h2_l2_d005_ep300_bs4_lr001,24,2,2,0.05,300,4,0.01,0.3152329921722412,1.3705786078457836,0.8920863309352518,105,1.0,1.0,7.6358795166015625,2071.19189782161,0.36989247311827955,27,0.09442183712397235,0.0,36168,514943
emb24_h2_l2_d005_ep300_bs4_lr0005,24,2,2,0.05,300,4,0.005,0.3200533464550972,1.3772012311799808,0.8914868105515588,105,1.0,1.0,7.2439775466918945,1399.650087259438,0.3741935483870968,27,0.10236605571018671,0.037037037037037035,36168,514710
emb24_h2_l2_d005_ep300_bs8_lr001,24,2,2,0.05,300,8,0.01,0.3205600529909134,1.3778992448740695,0.8926858513189448,105,1.0,1.0,7.769766330718994,2367.9179140281267,0.3741935483870968,27,0.0935426263896429,0.037037037037037035,36168,514662
emb24_h2_l2_d005_ep300_bs8_lr0005,24,2,2,0.05,300,8,0.005,0.3253934606909752,1.3845753147809043,0.8920863309352518,105,1.0,1.0,7.3738250732421875,1593.718227851326,0.3913978494623656,27,0.055108887890047586,0.0,36168,514673
emb24_h2_l2_d005_ep500_bs4_lr001,24,2,2,0.05,500,4,0.01,0.3091743588447571,1.362299878830067,0.8908872901678657,105,1.0,1.0,7.961157321929932,2867.3895257446075,0.410752688172043,27,0.06594121545489863,0.0,36168,514873
emb24_h2_l2_d005_ep500_bs4_lr0005,24,2,2,0.05,500,4,0.005,0.3074345886707306,1.3599318506425002,0.8920863309352518,105,1.0,1.0,7.620046615600586,2038.657160834144,0.38924731182795697,27,0.07055557120210743,0.0,36168,514654
emb24_h2_l2_d005_ep500_bs8_lr001,24,2,2,0.05,500,8,0.01,0.3052736073732376,1.356996236393545,0.8926858513189448,105,1.0,1.0,7.629157066345215,2057.3151085890036,0.3849462365591398,27,0.024416681551544736,0.0,36168,514609
emb24_h2_l2_d005_ep500_bs8_lr0005,24,2,2,0.05,500,8,0.005,0.30375901609659195,1.35494249741164,0.8908872901678657,105,1.0,1.0,7.556972503662109,1914.0419776369054,0.35268817204301073,27,0.042217251586053495,0.0,36168,514630
emb24_h4_l1_d001_ep300_bs4_lr001,24,4,1,0.01,300,4,0.01,0.31264686584472656,1.3670386977244104,0.8896882494004796,105,1.0,1.0,7.594582557678223,1987.40005342322,0.3720430107526882,27,0.07913875756307157,0.0,29016,417512
emb24_h4_l1_d001_ep300_bs4_lr0005,24,4,1,0.01,300,4,0.005,0.3029451444745064,1.353840196789882,0.8926858513189448,105,1.0,1.0,7.320634841918945,1511.1630149382556,0.3827956989247312,27,0.05291933370345559,0.0,29016,417792
emb24_h4_l1_d001_ep300_bs8_lr001,24,4,1,0.01,300,8,0.01,0.3134898841381073,1.3681916222543062,0.8896882494004796,105,1.0,1.0,7.44183874130249,1705.8840185486226,0.38924731182795697,27,0.10040715993618124,0.0,29016,417868
emb24_h4_l1_d001_ep300_bs8_lr0005,24,4,1,0.01,300,8,0.005,0.31106792390346527,1.3648819261458773,0.8914868105515588,105,1.0,1.0,8.081254959106445,3233.2883362617345,0.3956989247311828,27,0.0538170984745789,0.0,29016,417526
emb24_h4_l1_d001_ep500_bs4_lr001,24,4,1,0.01,500,4,0.01,0.3237488344311714,1.3823000773300067,0.8872901678657075,105,0.9704444945072657,0.9619047619047619,7.825760841369629,2504.290754189982,0.37849462365591396,27,0.022917997067691445,0.0,29016,417237
emb24_h4_l1_d001_ep500_bs4_lr0005,24,4,1,0.01,500,4,0.005,0.29900820553302765,1.3485206887585623,0.8914868105515588,105,1.0,1.0,7.7006449699401855,2209.7727693793813,0.36129032258064514,27,0.07959593409525946,0.0,29016,417574
emb24_h4_l1_d001_ep500_bs8_lr001,24,4,1,0.01,500,8,0.01,0.32356252521276474,1.3820425660721014,0.8896882494004796,105,1.0,1.0,7.287415981292725,1461.7885238134845,0.3827956989247312,27,0.05436157583394392,0.0,29016,417758
emb24_h4_l1_d001_ep500_bs8_lr0005,24,4,1,0.01,500,8,0.005,0.30471791326999664,1.356242371065519,0.8926858513189448,105,1.0,1.0,7.431890964508057,1688.998391566499,0.35053763440860214,27,0.06032629430616386,0.0,29016,417763
emb24_h4_l1_d005_ep300_bs4_lr001,24,4,1,0.05,300,4,0.01,0.3132235184311867,1.3678272314584021,0.8908872901678657,105,1.0,1.0,7.697520732879639,2202.879688813645,0.3913978494623656,27,0.0647410899641443,0.0,29016,417450
emb24_h4_l1_d005_ep300_bs4_lr0005,24,4,1,0.05,300,4,0.005,0.30975809693336487,1.363095337304563,0.8920863309352518,105,1.0,1.0,7.754896640777588,2332.968198524864,0.3849462365591398,27,0.10819704075925689,0.037037037037037035,29016,417537
emb24_h4_l1_d005_ep300_bs8_lr001,24,4,1,0.05,300,8,0.01,0.3128366768360138,1.367298201322292,0.8914868105515588,105,1.0,1.0,7.903495788574219,2706.7279573550104,0.35268817204301073,27,0.037830687830687826,0.0,29016,417635
emb24_h4_l1_d005_ep300_bs8_lr0005,24,4,1,0.05,300,8,0.005,0.3066366836428642,1.3588471869681629,0.8908872901678657,105,1.0,1.0,7.813018798828125,2472.583412013493,0.3655913978494624,27,0.08566156834558328,0.037037037037037035,29016,417569
emb24_h4_l1_d005_ep500_bs4_lr001,24,4,1,0.05,500,4,0.01,0.3300415426492691,1.3910259141651629,0.8878896882494005,105,0.9812925170068028,0.9714285714285714,7.7592949867248535,2343.2519990233463,0.3827956989247312,27,0.14613189227840268,0.037037037037037035,29016,417262
emb24_h4_l1_d005_ep500_bs4_lr0005,24,4,1,0.05,500,4,0.005,0.30146538466215134,1.3518383199880326,0.8926858513189448,105,1.0,1.0,8.111504554748535,3332.5883214036976,0.3763440860215054,27,0.0606652692828705,0.0,29016,417699
emb24_h4_l1_d005_ep500_bs8_lr001,24,4,1,0.05,500,8,0.01,0.31727779656648636,1.3733840403085669,0.8920863309352518,105,1.0,1.0,7.7661848068237305,2359.4523283349604,0.3870967741935484,27,0.05136944706239605,0.0,29016,417868
emb24_h4_l1_d005_ep500_bs8_lr0005,24,4,1,0.05,500,8,0.005,0.3066415935754776,1.358853858832662,0.8908872901678657,105,1.0,1.0,7.752202987670898,2326.69244763166,0.3827956989247312,27,0.120133543516784,0.037037037037037035,29016,417586
emb24_h4_l2_d001_ep300_bs4_lr001,24,4,2,0.01,300,4,0.01,0.37173541635274887,1.4502492182990905,0.8764988009592326,105,0.9145310363918038,0.9047619047619048,7.697603702545166,2203.062468587106,0.36129032258064514,27,0.03046764742186966,0.0,36168,514702
emb24_h4_l2_d001_ep300_bs4_lr0005,24,4,2,0.01,300,4,0.005,0.30476274341344833,1.3563031729684378,0.8926858513189448,105,1.0,1.0,7.2748517990112305,1443.5372426479719,0.3827956989247312,27,0.06486811150074581,0.0,36168,514790
emb24_h4_l2_d001_ep300_bs8_lr001,24,4,2,0.01,300,8,0.01,0.3103862479329109,1.3639518359802543,0.8926858513189448,105,1.0,1.0,6.933028697967529,1025.595499473107,0.3870967741935484,27,0.09389897561554941,0.0,36168,514610
emb24_h4_l2_d001_ep300_bs8_lr0005,24,4,2,0.01,300,8,0.005,0.3044794499874115,1.3559189956158517,0.8932853717026379,105,1.0,1.0,7.18105936050415,1314.2998383623858,0.4,27,0.09498594798229508,0.0,36168,514770
emb24_h4_l2_d001_ep500_bs4_lr001,24,4,2,0.01,500,4,0.01,0.34404341876506805,1.4106398824196866,0.8812949640287769,105,0.945754216013016,0.9333333333333333,7.778715133666992,2389.203040996819,0.35913978494623655,27,0.0655680869663754,0.0,36168,515025
emb24_h4_l2_d001_ep500_bs4_lr0005,24,4,2,0.01,500,4,0.005,0.30023298412561417,1.350173339889084,0.8920863309352518,105,1.0,1.0,7.793410301208496,2424.5720200253195,0.3849462365591398,27,0.06561729959716915,0.0,36168,514524
emb24_h4_l2_d001_ep500_bs8_lr001,24,4,2,0.01,500,8,0.01,0.3137533590197563,1.3685521538734802,0.8914868105515588,105,1.0,1.0,7.908426284790039,2720.106423441911,0.4064516129032258,27,0.051832971490451914,0.0,36168,514808
emb24_h4_l2_d001_ep500_bs8_lr0005,24,4,2,0.01,500,8,0.005,0.31055014580488205,1.3641754031042301,0.8908872901678657,105,1.0,1.0,7.53178071975708,1866.4261280095416,0.36989247311827955,27,0.09112791683728798,0.0,36168,514740
emb24_h4_l2_d005_ep300_bs4_lr001,24,4,2,0.05,300,4,0.01,0.31899920105934143,1.375750225762809,0.8896882494004796,105,0.99031485643525,0.9809523809523809,7.548422336578369,1897.7463633100351,0.3720430107526882,27,0.07412076981371882,0.0,36168,514487
emb24_h4_l2_d005_ep300_bs4_lr0005,24,4,2,0.05,300,4,0.005,0.3055221140384674,1.357333500907485,0.8920863309352518,105,0.9916440617180046,0.9904761904761905,7.434242248535156,1692.9743790124908,0.3741935483870968,27,0.07004355997972993,0.0,36168,514751
emb24_h4_l2_d005_ep300_bs8_lr001,24,4,2,0.05,300,8,0.01,0.3156948536634445,1.3712117715311212,0.8914868105515588,105,0.9904761904761905,0.9904761904761905,7.612751483917236,2023.8390043074035,0.4043010752688172,27,0.09587497453120043,0.037037037037037035,36168,514680
emb24_h4_l2_d005_ep300_bs8_lr0005,24,4,2,0.05,300,8,0.005,0.31000491976737976,1.3634318218830794,0.8932853717026379,105,1.0,1.0,7.55613374710083,1912.437235457694,0.3741935483870968,27,0.10781456734358867,0.0,36168,514676
emb24_h4_l2_d005_ep500_bs4_lr001,24,4,2,0.05,500,4,0.01,0.3138740211725235,1.3687172962855598,0.8932853717026379,105,1.0,1.0,7.9513325691223145,2839.356068838787,0.38924731182795697,27,0.056170673133393835,0.0,36168,514705
emb24_h4_l2_d005_ep500_bs4_lr0005,24,4,2,0.05,500,4,0.005,0.30478452891111374,1.3563327210299048,0.8932853717026379,105,1.0,1.0,7.883439064025879,2652.980659403731,0.3827956989247312,27,0.09582869883735892,0.0,36168,514759
emb24_h4_l2_d005_ep500_bs8_lr001,24,4,2,0.05,500,8,0.01,0.3014631122350693,1.351835248037514,0.8926858513189448,105,1.0,1.0,7.649832725524902,2100.2942344190214,0.3978494623655914,27,0.09859674392825005,0.037037037037037035,36168,514693
emb24_h4_l2_d005_ep500_bs8_lr0005,24,4,2,0.05,500,8,0.005,0.3000805526971817,1.3499675467233248,0.8932853717026379,105,1.0,1.0,7.7849860191345215,2404.2325344901246,0.4,27,0.10257119358389576,0.0,36168,514606
